ds,yhat,yhat_lower,yhat_upper
2014-01-01,82.06992683746572,2.129204080688879,164.7098124941886
2014-01-02,63.04558060633566,-16.497283581641053,153.3173375641041
2014-01-03,71.90545142857341,-13.66657620603046,155.13969391330116
2014-01-04,120.99933754129883,37.9066072282335,210.6093035168984
2014-01-05,73.83805605347598,-15.492849544076849,160.20817634674484
2014-01-06,44.51038857439859,-38.399595993441245,125.31454022551132
2014-01-07,41.631331313451675,-45.130522077687424,123.64134018234472
2014-01-08,66.12247154076076,-19.17989906683814,149.25316171159648
2014-01-09,51.753932650024886,-31.57846897416186,133.08764533471714
2014-01-10,65.58978481317985,-18.362763198877943,155.9933605972385
2014-01-11,119.86766942074978,32.3552924652086,201.62216973044968
2014-01-12,77.98200356403362,-4.170828730667866,163.4403063154888
2014-01-13,53.90346504689745,-37.24313969796152,140.27027659305259
2014-01-14,56.12979976917126,-33.79302748342386,140.2627296013786
2014-01-15,85.46871767040965,2.897833995212495,166.83937961275197
2014-01-16,75.58226521403597,-5.472613521452549,160.06171246720837
2014-01-18,151.17330616200104,63.854619717650365,235.37844519709185
2014-01-19,112.11525851651247,26.191058737762567,192.32327086250095
2014-01-20,90.16689024444499,8.39554148981063,177.97303230107804
2014-01-21,93.77668288683196,6.6690649570003355,176.1175371753796
2014-01-22,123.7189357027313,34.75797748759031,209.9227494881848
2014-01-23,113.63874711375229,32.197516108570184,196.51503930363762
2014-01-24,130.49996411580102,40.058138240915625,211.8667716974476
2014-01-25,186.4667984096024,103.73330549616068,273.1982510274566
2014-01-26,144.88843844056464,56.45297035855636,228.24181418715702
2014-01-27,119.71933375826184,32.69674035185493,203.3812040396683
2014-01-28,119.4701828021395,45.742247317765674,208.2834710357747
2014-01-29,144.99039293518547,56.8185884023209,231.5561713061842
2014-01-30,130.01141646584853,42.17498127784299,216.94668548169162
2014-01-31,141.59283636030756,60.78566091571096,229.3915631835568
2014-02-01,192.0019420712752,108.41188985214292,278.26393800803953
2014-02-02,144.69616947904598,54.93182284817054,223.56851443720527
2014-02-03,113.7411281738828,25.91454774273621,197.36173389375713
2014-02-04,107.75929538394084,26.375398342420077,195.7784063396974
2014-02-05,127.71019325320293,41.15198983689878,206.9956341791615
2014-02-06,107.43150043628808,23.02878576114196,187.03090769272333
2014-02-07,114.08301691386771,28.50423146370347,202.79359727883823
2014-02-08,160.02426485286958,77.34955482934231,243.55073691446404
2014-02-09,108.79513823782655,30.4387487066412,203.31172089711276
2014-02-12,83.95285101899101,-8.177423328773868,167.9414293418621
2014-02-13,62.50829133863374,-25.272672610424454,148.02318709555834
2014-02-14,68.75827381317009,-13.757986892091418,156.7617603315396
2014-02-15,115.0625349452074,26.27135391611863,200.18780940956745
2014-02-16,64.94624673922257,-18.22091320600394,145.71496857207168
2014-02-17,32.51692630141587,-45.141451271358534,113.23968672678345
2014-02-18,26.4125463888468,-53.19447114058417,112.36160123836683
2014-02-19,47.581669006515895,-31.23749685078486,130.5165457011247
2014-02-20,29.825047100943102,-49.06258237029145,114.37329728964285
2014-02-21,40.24059673558907,-43.17667365311923,121.62594126283538
2014-02-22,91.10249582449778,4.677996391635979,173.3251537207635
2014-02-23,45.84378589414202,-34.565568672885846,122.85198000988369
2014-02-24,18.475189685668838,-62.234339761586654,98.88073850926732
2014-02-25,17.535200574399624,-57.08247671910515,107.94256446878624
2014-02-26,43.87222562234827,-34.84811882158628,136.7064740260717
2014-02-27,31.188186964056158,-47.380463974231276,114.50089060074778
2014-02-28,46.485444294859974,-31.431727695715647,133.65911982911004
2014-03-01,101.94775640420536,23.898866880889408,191.97531846095492
2014-03-02,60.92462229799307,-17.59525116107415,150.74579837170674
2014-03-03,37.351681655385164,-45.18609292483764,113.17010026177054
2014-03-05,68.7704017664162,-13.31285393318146,153.08547862786543
2014-03-06,58.216013816331845,-29.00685912519529,138.26541490442878
2014-03-07,75.01190065577583,-5.680050060570615,157.84193956143108
2014-03-08,131.3254630526297,48.83750348777502,217.30591187732168
2014-03-09,90.50315520306648,4.953286007430529,167.68888631609235
2014-03-10,66.49079239028632,-22.496444537792144,146.56849517958472
2014-03-11,67.78468069447706,-14.407315318581096,149.53065378176478
2014-03-12,95.21433430103548,7.274800449255229,183.45176341660448
2014-03-13,82.48617810357395,-3.325769611480141,169.49617447994805
2014-03-14,96.63010068946,5.20956194381579,179.76554162242255
2014-03-16,105.65479267003464,24.865660336044744,192.58880679668061
2014-03-17,77.98126537209056,-6.222215266871328,160.63703169797927
2014-03-18,75.43938151671368,-12.538612867880603,163.55149314223252
2014-03-19,98.94529278090505,17.97196224807371,178.01289393713984
2014-03-20,82.2928190011028,-5.300030712492886,168.94373385218293
2014-03-21,92.59818768381174,10.595795568101861,181.00858285851567
2014-03-22,142.17838591106462,61.517828686560804,221.35751482727633
2014-03-23,94.53252099665681,9.831674998824859,181.7172973616178
2014-03-24,63.75893244716709,-20.564423739712826,149.2636151569085
2014-03-25,58.50315014049209,-24.41774617282112,145.04789023375398
2014-03-26,79.73752782287153,-7.622157557816411,165.57344736097198
2014-03-27,61.30201125467431,-20.781131241038487,142.27973046574138
2014-03-28,70.34796460517657,-15.04353758234181,152.10200101013052
2014-03-29,119.21583882128482,36.1428410417084,208.81401995528506
2014-03-30,71.4160918858791,-8.860958981109807,150.81018519120855
2014-03-31,41.04611226931929,-43.63207833741746,122.21368163548006
2014-04-01,36.73824424100771,-53.03108942395217,119.47805648681046
2014-04-02,59.43974279722197,-21.432318877957616,147.38300723290772
2014-04-03,42.954111104789746,-36.08830499554574,135.92526079955377
2014-04-04,54.385732638814375,-29.176397862188686,134.50972658194993
2014-04-05,106.0185655183267,22.73862022004946,197.3872284912221
2014-04-06,61.29828823692519,-26.584991127342455,148.8753304539976
2014-04-07,34.25062332665056,-50.265942590238126,118.13599253940862
2014-04-08,33.43090870314609,-50.29488078446893,117.04782251868815
2014-04-09,59.70571366586409,-24.291053433913675,142.26529901630278
2014-04-10,46.79591749425543,-36.742717374006325,133.38513157288583
2014-04-11,61.72312727696508,-26.905011070634725,146.58265575195293
2014-04-12,116.69016531050332,28.22969219432548,200.84239563024119
2014-04-13,75.06497780159575,-9.467124336511239,152.16671777432023
2014-04-14,50.800654247107644,-35.03200675380861,132.65990326081948
2014-04-15,52.38659172311936,-28.631778127728506,134.82174815511382
2014-04-16,80.63156618397883,4.052500990838656,168.11757889061414
2014-04-17,69.20809813610899,-5.584646900490348,154.30934263747463
2014-04-18,85.09996079132978,-1.6733878765307058,166.27753542929398
2014-04-19,140.48353693097317,59.90075148637235,226.53736868646683
2014-04-20,98.71235649222665,15.113348307391394,177.097062556171
2014-04-21,73.73748946571098,-13.680755480498085,157.81895395458034
2014-04-22,74.05881884514525,-3.2778275329625526,150.34697459509485
2014-04-23,100.50795179984652,16.110227130971147,184.264307508356
2014-04-24,86.79215820256408,-0.3316793293422036,176.14780311487058
2014-04-25,99.94119211632743,17.77222746449637,188.7176722098964
2014-04-26,152.1877155949948,70.30360504413862,233.09001433915492
2014-04-27,106.95067534564963,21.804489090989694,193.49437336372316
2014-04-28,78.25433044185525,-10.114793363306688,160.105122213918
2014-04-29,74.67798404642949,-9.676825465796382,150.68909361051348
2014-04-30,97.13720957560508,13.97335346652846,178.12160821632258
2014-05-01,79.42599609489258,-5.618079510780169,158.13509610075855
2014-05-02,88.66170684705376,6.5104083197340845,171.08618972600362
2014-05-03,137.16361040210808,55.78722725106649,221.65108563832575
2014-05-04,88.43437607951428,9.021000661320922,168.65809801876233
2014-05-05,56.57727300195553,-24.579064259364234,139.88361047408264
2014-05-06,50.244166073447715,-32.63748599714835,132.19985498537963
2014-05-07,70.41513842755349,-10.79446769191377,150.40771916455492
2014-05-08,50.939198448148574,-40.19094764482574,134.91811042836767
2014-05-09,58.97800307102185,-29.839790797300545,137.01452233981115
2014-05-10,106.88337985065567,30.09108110479528,193.02323438274283
2014-05-11,58.1780654918711,-26.98104394423773,138.02290420456248
2014-05-12,26.972417619666828,-58.925317689976765,110.70094620708736
2014-05-13,21.91220509512459,-59.100499534971306,102.30643904766404
2014-05-14,43.95831167925345,-44.83367462445377,125.16244654505438
2014-05-15,26.927813147388896,-57.20459659675206,106.43941319342102
2014-05-16,37.93834715866347,-42.8219980174963,118.86357644279218
2014-05-17,89.28655020006629,6.313566100188923,174.56502043615532
2014-05-18,44.42995710774666,-43.609379230674456,122.9117262619159
2014-05-19,17.40509522489809,-66.71414622285832,100.81197314474936
2014-05-20,16.776848120490484,-64.01262342739837,102.37447648169582
2014-05-21,43.41988880356363,-42.512176206331176,123.2992377133882
2014-05-22,31.06160396555719,-54.71720323102271,119.59411875181776
2014-05-23,46.728387154778574,-32.200502319561906,132.67614270121774
2014-05-24,102.62603192074293,23.99053388209062,189.01285800845665
2014-05-25,62.123576258090374,-23.800647017476503,146.27147656525636
2014-05-26,39.17328638113835,-49.93203865890687,118.32179554634224
2014-05-27,42.261811902258245,-40.78755180726587,130.75933170007488
2014-05-28,72.19327167664858,-16.6255342355443,151.80039147278427
2014-05-29,62.63365433517621,-21.996259298866285,146.6108637621481
2014-05-30,80.55837794624911,-3.101420065099112,164.8927788050284
2014-05-31,138.1337112411342,56.16086485619848,218.75219141893066
2014-06-01,98.70138468097953,13.548151677919973,183.29929927408932
2014-06-02,76.19906247296424,-2.036695443657955,154.54328222525342
2014-06-03,79.11169721240653,-5.392192373667367,165.5506061867539
2014-06-04,108.25452283404125,24.954806755954884,186.6163571761854
2014-06-05,97.31707321460706,13.578100113901312,186.2735249360375
2014-06-06,113.31044298770189,29.378158856535773,198.3350479768745
2014-06-07,168.44669996819624,83.36056000088841,248.78433091654367
2014-06-08,126.12342004549348,39.308052985587054,202.3682036517864
2014-06-09,100.34242467752327,17.64018983157733,180.97635803050784
2014-06-10,99.65958606599307,14.695294231778329,184.88187510855136
2014-06-11,124.9661314879161,40.71156575928568,210.78658339084737
2014-06-12,110.03087510518932,26.574009610987826,196.35054323121022
2014-06-13,121.94527506656796,40.042147467029196,204.70374557881217
2014-06-14,173.0020794783108,88.09967829037433,259.69919907194173
2014-06-15,126.67695694991328,42.02434398225137,207.63370365584277
2014-06-16,97.04585488581378,14.420581459551899,184.36624038207535
2014-06-17,92.73318213871713,4.008978340887032,174.27181347586478
2014-06-18,114.69164768244536,30.337466530747882,203.04220895351406
2014-06-19,96.7432177908954,10.041455356782699,176.70882006241723
2014-06-20,106.02311879572322,19.631991254682827,191.77686512703318
2014-06-21,154.85767263327358,73.35127676104827,236.4367156247365
2014-06-22,106.74537832001934,23.403635858736035,189.99068453101597
2014-06-23,75.77399333260351,-11.32169528321437,155.14086747106506
2014-06-24,70.56871543436596,-9.827351674477143,153.90064244237092
2014-06-25,92.07229357520455,1.716561187665341,173.59113774158897
2014-06-26,74.08652046140557,-5.704718904904529,160.1122196380967
2014-06-27,83.71701738834204,-0.40850334983646147,169.1429533014248
2014-06-28,133.25207593410371,54.89362165613665,215.23037112841314
2014-06-29,86.14494148625157,2.9036518932150575,167.3926636694516
2014-06-30,56.4322596213339,-21.75269623559962,138.73735476794062
2014-07-01,52.683748982575835,-28.143147519333656,143.15247604258417
2014-07-02,75.78388942225683,-8.724384632322236,163.17139155684202
2014-07-03,59.47503621500734,-22.447021953107285,138.21043307433334
2014-07-04,70.80382831687393,-11.46692646628146,155.55735215488997
2014-07-05,122.00161291735859,38.438752138647196,199.98381500584046
2014-07-06,76.50795573003681,-7.396783898070939,156.6124495675474
2014-07-07,48.27129233558871,-39.02624672239261,135.4852604263084
2014-07-08,45.81900349447956,-37.012998674732216,133.01967981852158
2014-07-09,70.00041810475548,-6.731952410348332,154.09242029791636
2014-07-10,54.53075618671289,-22.08729195943479,132.19476316132165
2014-07-11,66.4381346237066,-16.33093854532492,155.33829040051603
2014-07-12,117.94434438131447,31.8911632024732,197.06770812583864
2014-07-13,72.44873631323377,-10.51075494896147,158.92873306102007
2014-07-14,43.94789790707382,-46.23512955018437,126.36436247218735
2014-07-15,40.98615615423715,-49.384668321349224,123.22417347833077
2014-07-16,64.43767771935956,-21.160148204259244,149.31172397042292
2014-07-17,48.049570935321555,-28.87977936852446,131.45024613805887
2014-07-18,58.88786271131086,-22.727202314779916,144.59234256680406
2014-07-19,109.21708893196222,24.15375822350369,190.0580195198105
2014-07-20,62.48286939487461,-18.684980379852007,149.11037848259735
2014-07-21,32.73018675693469,-54.50870545497767,119.71639070735367
2014-07-22,28.552443922224832,-54.681363290939046,108.19731995481287
2014-07-23,50.87211138022788,-31.9431044232596,130.48442430063085
2014-07-24,33.48240931993502,-46.99589331084582,115.74389909590433
2014-07-25,43.49193678967515,-44.92468409061898,129.27492331840665
2014-07-26,93.20302346989227,9.492456034240314,181.78837578531557
2014-07-27,46.093208913124116,-40.52790847861428,128.7169790417435
2014-07-28,16.232598415791323,-68.5011303311367,92.60530129745331
2014-07-29,12.232194751342561,-64.52062842038423,98.70469047406652
2014-07-30,35.02403649719865,-52.99851474500082,117.90179826830156
2014-07-31,18.40260092439383,-70.81726997915028,100.58509311074303
2014-08-01,29.469390435810396,-57.03478778517399,114.04491623930453
2014-08-02,80.51147824603574,-1.6904905356212698,168.4708263570143
2014-08-03,34.98341170224987,-47.69578196979615,118.08184321295968
2014-08-04,6.9986189240457435,-75.80479088326446,93.07892038211466
2014-08-05,5.058352370990967,-75.19838497084675,88.24564520700712
2014-08-06,30.05306928258917,-63.25365060647687,112.78576510117
2014-08-07,15.73158429751011,-68.94673591452364,104.45300498508749
2014-08-08,29.14692691950563,-56.492731119414245,111.9582018504479
2014-08-09,82.53623403580963,-5.551631060528668,173.26401764739194
2014-08-10,39.30403772205892,-47.95752010016829,121.08708041721053
2014-08-11,13.441645534075072,-73.05973658942216,103.12818180150633
2014-08-12,13.477654667294757,-74.19990784567621,96.80071985137434
2014-08-13,40.26036861320257,-47.51883253873521,118.36354277322835
2014-08-14,27.50150966533233,-56.020784236794285,107.58251104058313
2014-08-15,42.22308094439575,-46.70241071637251,128.84478327784495
2014-08-16,96.63808944394614,14.981776527717775,180.07087212402092
2014-08-17,54.13446723357547,-30.21019588226847,138.31137006778545
2014-08-18,28.694870518896387,-58.29347749578999,112.80662449142208
2014-08-19,28.84738653682689,-53.09276200614864,115.03714530412516
2014-08-20,55.44791192295649,-29.387840973993868,137.26350914270824
2014-08-21,42.22359746581307,-40.571507446202055,127.95068364746464
2014-08-22,56.219220988087656,-28.56394756038022,140.84459360574056
2014-08-23,109.67721421679545,22.797252635962575,194.8792401792631
2014-08-24,66.02070101485134,-13.71443378846217,145.4014447547608
2014-08-26,38.00341726914837,-47.06690712689517,127.1936508773827
2014-08-27,63.11582998111776,-21.48944847750062,142.63091087549924
2014-08-28,48.383320352450895,-41.57599634096919,130.66017846511818
2014-08-29,60.89693228450269,-18.82933629255135,145.88021820442057
2014-08-30,112.9436123511168,31.201529826729644,198.89128926379564
2014-08-31,67.9879655828814,-17.56988218192328,156.5881200636038
2014-09-01,40.08982062782421,-41.610884709809945,123.22784210484363
2014-09-02,37.85269891493449,-50.29257929744582,125.24338824517721
2014-09-03,62.20401624729196,-21.562464070354892,145.81586458676517
2014-09-04,46.94880614255849,-37.650329834453,132.7951605123038
2014-09-05,59.17722972671308,-22.082357786907224,140.7242719003698
2014-09-06,111.1799654795436,22.360116060133098,195.1272151421665
2014-09-07,66.41757075064689,-20.305078858495772,146.4731316435838
2014-09-08,38.938216271289605,-44.43012627262962,121.78146934657143
2014-09-09,37.326552606275555,-43.46162812853635,125.11406779795314
2014-09-10,62.484525994463596,-16.928704806173887,144.37223195873682
2014-09-11,48.17358427211549,-36.215466119106246,129.56162108045325
2014-09-12,61.46017103265709,-23.50711183405815,143.94926700951672
2014-09-13,114.59525984151063,33.356509797652265,192.9816270560407
2014-09-14,70.99730060362072,-8.345749825223823,156.82084666596987
2014-09-15,44.67128636206537,-40.498438868088634,131.04303299552237
2014-09-16,44.15899182801892,-42.08873765215914,131.96910924728056
2014-09-17,70.32116071843569,-18.50539060891143,158.55777050182354
2014-09-18,56.88104192807139,-24.705772971870086,144.9277378970487
2014-09-19,70.87113289972272,-4.559447817018176,156.93934562554284
2014-09-20,124.51384422744346,41.424949049334046,210.07324211430796
2014-09-21,81.2054229186857,-10.50671021067453,162.97701614696823
2014-09-22,54.935812031343524,-28.93519472735529,136.69360291253352
2014-09-23,54.239472456514676,-26.840406890261406,137.71600266928556
2014-09-24,79.97792417673354,-3.7613634461559293,164.63993020930675
2014-09-25,65.88339369800916,-11.336099348211674,153.88738130829026
2014-09-26,79.00541952717838,-4.2606001996163805,164.42987047839208
2014-09-27,131.59113034505737,41.746275587335056,216.55300023324116
2014-09-28,87.06854105954594,3.0273530439619756,168.3776075531253
2014-09-29,59.46555922793528,-23.871071153961744,140.47587294750272
2014-09-30,57.35974905182751,-31.532739968576337,138.3690811121392
2014-10-01,81.65963784698161,1.910666532297719,165.54772442388725
2014-10-02,66.14698468316263,-16.837755197306972,150.3799695790538
2014-10-03,77.92190063068942,-0.39442796617327197,157.6795505392656
2014-10-04,129.29112105784688,43.03864283505225,210.5015965085919
2014-10-05,83.72109542560068,3.027429298365645,164.9946175586897
2014-10-06,55.284078589576104,-28.543777342005875,139.4772591941098
2014-10-07,52.59686905699828,-36.21699063120738,136.35826780684482
2014-10-08,76.60074613146115,-4.480642773220224,158.34653297104055
2014-10-09,61.10252223993512,-30.753338732591004,138.0945322209124
2014-10-10,73.2186375470624,-9.192845136735427,159.22010125413274
2014-10-11,125.25308561296016,41.090272782814004,213.7086064055281
2014-10-12,80.67858619411561,-6.2499361624883685,163.04275325283746
2014-10-13,53.55376338237381,-35.980981156177165,142.66939413394766
2014-10-14,52.47143490099472,-27.173008792127543,134.13753698666102
2014-10-15,78.33884726307369,-5.0652526981305455,164.019709014526
2014-10-16,64.91931598807717,-17.69890913198784,148.72333181693406
2014-10-17,79.27718828045116,-9.204318833575291,163.44510515207568
2014-10-18,133.6568994548186,53.323390444829,216.30196681657713
2014-10-19,91.4655143191791,8.822327151876568,175.0089591782302
2014-10-20,66.69147998896538,-13.230539898370921,148.59665646724386
2014-10-21,67.85465814025513,-10.261999775078708,157.74410442712482
2014-10-22,95.78842844141673,8.22643443778691,175.16392954304516
2014-10-23,84.18327531849181,2.7438272770305794,167.79144333601363
2014-10-24,100.03372552750525,10.745207933692871,181.25707649184127
2014-10-25,155.5193562906008,73.83381603939061,237.86743975438435
2014-10-26,113.98921341730127,31.62250672138239,202.2244506629883
2014-10-27,89.38231519094586,4.940281493776856,176.75853560321468
2014-10-28,90.17926178000089,4.212614419337558,175.51203677001
2014-10-29,117.18569740040148,36.47255343132578,203.07616908962734
2014-10-30,104.07699781417293,18.147025645162977,184.4383734385831
2014-10-31,117.84601710350154,35.28185307080793,202.62115520721466
2014-11-01,170.68458691763897,86.51319569507534,253.1300704570642
2014-11-02,125.96808880885658,40.97684455417843,211.4253241993516
2014-11-03,97.70296701997333,8.179433366809834,182.23578779201648
2014-11-04,94.39618934009357,9.132862178217202,176.70049934773016
2014-11-05,116.91943100415173,42.89268584846621,205.64185741890287
2014-11-06,99.02534931378685,14.35992352933461,179.80935268708876
2014-11-07,107.79381751963291,24.016873092268696,196.87585517921792
2014-11-08,155.51164126278678,61.47150651592987,238.0062299813549
2014-11-09,105.65511755276728,20.29869922804356,185.4365289398977
2014-11-10,72.30814720339141,-12.228590405083015,153.83380517619298
2014-11-11,64.11096950997332,-18.53806676447895,146.29883479716733
2014-11-12,82.0403282020824,-0.933921424772667,168.9820053454504
2014-11-13,59.950514443655,-23.938157852017724,138.4573273070095
2014-11-14,65.0172036622496,-18.381279845724606,151.88709316080136
2014-11-15,109.61486993058145,24.40547473943134,192.0706288449068
2014-11-16,57.29719453825678,-27.476767520440113,138.01938342140227
2014-11-17,22.21323322782856,-63.15726229069497,107.46632199996341
2014-11-18,13.054459965956568,-69.55770574764708,95.74901517117283
2014-11-19,30.83353967365038,-52.40421102457611,110.14434119844266
2014-11-20,9.42431226345547,-75.00161581255071,87.63416921599391
2014-11-21,16.00493358621825,-62.847000707272635,96.37863991745085
2014-11-22,62.93497732807024,-18.73813990533359,154.3150834820822
2014-11-23,13.735925752359115,-68.06696150747487,90.76094626145749
2014-11-24,-17.492184359668535,-100.755769168554,66.91619237790023
2014-11-25,-22.12285029444385,-106.15794232208242,63.79065236695137
2014-11-26,0.7769089772848972,-80.74632148498151,80.558670809862
2014-11-27,-15.01187740097069,-105.1271967455155,66.23173137058986
2014-11-28,-2.415093627097839,-89.40286888590595,86.33874692566671
2014-11-29,50.813732229029064,-36.07049835237911,133.08886030189052
2014-11-30,8.07630806120455,-78.73218627240989,91.24291835111242
2014-12-01,-16.651219634603486,-102.78954847051487,67.20826422009871
2014-12-02,-14.867688126209089,-99.45035432818104,67.53956116200764
2014-12-03,14.281235869800817,-75.31420001061906,100.9217971124285
2014-12-04,4.411046006569769,-76.33879084270197,87.12162137198253
2014-12-05,22.482341662287297,-65.29219535636906,104.38822890533747
2014-12-06,80.63715973550228,-4.92266908964519,160.25503438237925
2014-12-07,42.18415029400332,-48.45865671585574,124.61314446882852
2014-12-08,21.01982842472046,-67.13207784389115,98.483456768466
2014-12-09,25.580907134863224,-59.57984737345739,117.06487943699115
2014-12-10,56.62844535955454,-27.497203495371924,136.51305778827208
2014-12-11,47.793172482364106,-38.3633228873545,130.28981667377758
2014-12-12,66.02381429414088,-17.708104138436816,156.64842821873927
2014-12-13,123.46910684345607,37.70982543427842,208.30275275139826
2014-12-14,83.46281434760783,0.6584761038186437,162.5054888576494
2014-12-15,59.94441426850442,-28.392412835032886,143.7424055127702
2014-12-16,61.410467485483466,-21.672881359783943,137.34368468931058
2014-12-17,88.6974297832552,3.17591310069781,177.46042666641986
2014-12-18,75.52529674700216,-11.467431844281474,159.98396411582607
2014-12-19,88.94394546607346,5.280709366023908,175.1167168474251
2014-12-20,141.21290482682718,57.21064814696536,225.6037918612033
2014-12-21,95.78392166946384,10.648972056003753,183.98874931264027
2014-12-22,66.71904158485587,-19.397888915530093,153.23648079905584
2014-12-23,62.63928120362351,-31.758047812776574,143.9778648507881
2014-12-24,84.50470899186982,1.2352425758635326,162.65883816673616
2014-12-25,66.15538790766296,-16.109771680077934,145.99364621279207
2014-12-26,74.75510362054146,-6.291876328447955,163.1858255388729
2014-12-27,122.6686680538719,36.95382753750645,207.11478126989374
2014-12-28,73.44221984956421,-9.137124414499652,158.02806520797031
2014-12-29,41.21928999486795,-46.68552783326263,122.1396772269899
2014-12-30,34.6877529649438,-46.47427121725039,116.51321801359082
2014-12-31,54.858516990929544,-26.938982235337736,138.78657198793258
2015-01-01,35.605435715220565,-48.38447698976243,115.35471527359059
2015-01-02,44.133654332902225,-34.22689958237509,129.42375945176218
2015-01-03,92.78084810865636,15.079840550083436,178.04268241110393
2015-01-04,45.07346560834583,-40.21576769739127,137.54220729137808
2015-01-05,15.118051469769924,-71.53912896789242,101.09782745465141
2015-01-06,11.549098488332497,-70.84939648909338,95.35753560966845
2015-01-07,35.308991237844154,-50.54807374305117,118.33335559674033
2015-01-08,20.189493226003997,-62.19048628462363,100.69472844463633
2015-01-09,33.276684795934486,-54.44988519565823,120.76679511547442
2015-01-10,86.83011039382959,5.526054114514304,171.62603053087818
2015-01-11,44.26551187892182,-43.88124493127212,128.86474486696574
2015-01-12,19.573858528589902,-67.19155969545716,103.18190501583653
2015-01-13,21.271725275385542,-61.31770981890181,102.08149245778365
2015-01-14,50.18379438883292,-28.238801729858647,128.00874531874592
2015-01-15,39.98687672800884,-38.78740556590297,124.26741981747509
2015-01-16,57.657305041882054,-29.59202411425539,144.54130231115792
2015-01-17,115.35240554235583,26.764155972367533,198.98639505351906
2015-01-18,76.39537548382863,-10.476382815405422,159.02891486783216
2015-01-19,54.696232957579525,-27.59530262926987,142.83392661490376
2015-01-20,58.703851397476924,-23.49673389264557,150.17044892425642
2015-01-21,89.18982115102109,3.9755471185988327,172.1337277738796
2015-01-22,79.79350820530361,-6.521304694552989,167.3471931159748
2015-01-23,97.47014378782634,12.824100425485122,180.92525480451565
2015-01-24,154.3726398979876,74.05278615681772,232.64978385183431
2015-01-25,113.83645504434236,33.126773836103816,198.90394218780045
2015-01-26,89.80018061337688,1.9256751367716456,173.4891283366441
2015-01-27,90.75687203820665,0.8445639524331796,177.72509104104134
2015-01-28,117.5368858908852,35.0106664911442,197.56083585415786
2015-01-29,103.8516183322562,20.140144227361322,186.3999741689269
2015-01-30,116.74000991041845,33.45575679428926,205.43894321398608
2015-01-31,168.448548198766,85.3766431038505,251.4619477998593
2015-02-01,122.41414344368327,41.757902366922316,212.50723138659848
2015-02-02,92.68254097073806,4.432983458828463,181.77619664789896
2015-02-03,87.85744254993581,0.6859136615473418,168.62037056995524
2015-02-04,108.88104411953715,23.670423132398636,187.99047128977023
2015-02-05,89.57548423175638,4.831882315546028,171.04672737529728
2015-02-06,97.08710551723415,17.30233775164147,179.67255165635848
2015-02-07,143.76430644333652,55.182279451350766,228.3267951526393
2015-02-08,93.1383915676217,8.001061627577553,179.1836220483515
2015-02-09,59.34017454528366,-28.521591621167513,135.77290585216187
2015-02-10,51.04744005970703,-34.12744109349746,136.2614187557807
2015-02-11,69.26410427203317,-17.146940878688266,154.17786328054424
2015-02-12,47.860542607167346,-37.431447261768724,130.79495267625006
2015-02-13,54.01701671646611,-24.727127043857045,145.68475517051328
2015-02-14,100.10099114773594,22.9369541339451,183.25425918212682
2015-02-15,49.64775488868108,-43.96071359666039,134.2214004954812
2015-02-16,16.777102681182036,-72.20771625511726,100.89679895010566
2015-02-17,10.141176690099357,-74.90408601958262,90.77346817885157
2015-02-18,30.704296534640626,-57.09208955405788,116.35174308274712
2015-02-19,12.284229248431217,-71.93920421892595,87.2039764742253
2015-02-20,21.996808530626986,-67.23425359453964,105.20640674933036
2015-02-21,72.13466666978796,-8.100461682151968,153.3993711277187
2015-02-22,26.14946308229606,-65.8326705716656,108.94027305675831
2015-02-23,-1.9296702258187963,-88.86170715096601,79.34574660624014
2015-02-24,-3.5464029186999255,-88.9666323190855,74.08553038461595
2015-02-25,22.164588611966238,-68.0171951396532,109.56055304119309
2015-02-26,8.920896808882055,-70.10153431102898,99.98142162426231
2015-02-27,23.73900809043652,-57.50473429999557,106.38603017912573
2015-02-28,78.8150010763633,-8.87355321018479,157.876016089689
2015-03-01,37.50866327171586,-47.826608220125664,118.06248624249262
2015-03-02,13.763709970103498,-67.61967671560181,98.79692428241422
2015-03-03,16.059148694031443,-68.59163584024026,99.52946627623392
2015-03-04,45.192478583197335,-34.941629349128995,125.7624919370474
2015-03-05,34.8242474746153,-51.391674109725805,115.90894513677208
2015-03-06,51.92567531368728,-29.805432252321825,131.47265534973923
2015-03-07,108.66011874835282,20.661605538522746,192.2878767639842
2015-03-08,68.36769581532194,-19.873632665125214,149.61799467014018
2015-03-09,44.985746961094534,-40.75098393298064,125.20538733744056
2015-03-10,47.00015965076798,-46.282956576602274,135.6788664970524
2015-03-11,75.22831792441858,-5.171534956517263,163.89816609459206
2015-03-12,63.363069744504266,-18.942002831723926,145.55213948260604
2015-03-13,78.41957175959988,-5.102950631876966,158.6103216843641
2015-03-14,132.61573498419224,51.54019204125926,213.5472215465231
2015-03-15,89.35562599558774,6.273770842504963,176.96562651229692
2015-03-16,62.64852561461479,-16.091740253597536,143.054607075721
2015-03-17,61.058701336885406,-23.343113642569477,143.58878904946297
2015-03-18,85.48668663948959,-0.6060730454985835,172.96262809953117
2015-03-19,69.71149388251055,-10.038054969331995,153.0332889098581
2015-03-20,80.83565578828863,-6.8969198904530185,160.38098685273727
2015-03-21,131.16385514194116,41.40230117481726,215.99675818270924
2015-03-22,84.1845335772405,-5.306016078572115,170.61686444561047
2015-03-23,53.98721708827542,-24.589709809826836,136.97163478926623
2015-03-24,49.21064895751179,-38.49446181237295,129.98045225150508
2015-03-25,70.82255573542572,-7.305435422691492,155.07649860407892
2015-03-26,52.66050297229003,-28.721423799722036,142.73743707761372
2015-03-27,61.875762558628196,-19.534814726301178,148.0568126434195
2015-03-28,110.81097457475714,31.148425173751814,197.8907944501956
2015-03-29,62.981013691648684,-26.657048963364694,145.99848621474433
2015-03-30,32.48981248596412,-46.99710996187605,119.47293749874287
2015-03-31,27.978242339387826,-57.95722777204407,108.64175192090599
2015-04-01,50.40388256531453,-39.13041608585392,139.0670237598276
2015-04-02,33.58213438936244,-51.85075075837581,115.57233135095652
2015-04-03,44.63059653918637,-39.227059170879976,129.9653545774356
2015-04-04,95.84747502389034,11.869748782081246,179.96481002520855
2015-04-05,50.69342223012279,-31.410015956486898,137.31594227098756
2015-04-06,23.209538010634574,-49.53890150655937,112.38717146906356
2015-04-07,21.96660958471788,-66.47860688526441,101.58822518845692
2015-04-08,47.84639326361015,-34.39665815624831,128.92346862966411
2015-04-09,34.58436374339369,-41.847102982960756,121.36533516719169
2015-04-10,49.215814099354176,-28.95406203631251,131.0323749242424
2015-04-11,103.95604362693547,18.995689956307853,183.71971839493966
2015-04-12,62.183991656028034,-23.07871835918297,144.044523792625
2015-04-13,37.86201263799972,-42.78226491709412,124.22681530426681
2015-04-14,39.486832065247306,-45.872239061332806,127.13784812061745
2015-04-15,67.87244994437373,-12.736898957305234,155.23837369318187
2015-04-16,56.694382983749136,-24.454974302666322,135.4929717638509
2015-04-17,72.93709649637475,-9.12213748640091,154.67511712451062
2015-04-18,128.7753341643719,47.466484071492324,205.4232636176143
2015-04-19,87.55867856417362,-1.931144671887913,168.90183659308556
2015-04-20,63.23201686950002,-13.925774589858957,148.05021139670373
2015-04-21,64.28693523223833,-26.233913824520233,149.81798575697786
2015-04-22,91.54479771934228,14.074358353162394,177.07366694228298
2015-04-23,78.70089562823986,-4.185726856499518,160.38499082107393
2015-04-24,92.77151851964163,-0.4396928142753933,177.39237598126445
2015-04-25,145.9746611815302,64.05460967841027,231.33993450897992
2015-04-26,101.71371115929182,16.780303946305278,184.41965664190994
2015-04-27,73.99680847780023,-13.190131475067709,162.24167299078675
2015-04-28,71.3869234295889,-9.207007460663576,157.483575234185
2015-04-29,94.78343541752874,7.90236122738797,179.01957585473832
2015-04-30,77.96462998649189,1.700315277336952,162.165077585278
2015-05-01,88.03300025270019,0.7711444955456156,170.31904644491266
2015-05-02,137.30172355888513,55.66196427791132,220.35748083527398
2015-05-03,89.25360325351795,5.563474073786816,171.00283714791289
2015-05-04,57.981397139390836,-21.10716152289172,140.2942615839918
2015-05-05,52.128430730328205,-26.94583953557548,132.13603127724937
2015-05-06,72.6684134202426,-9.582931915369844,159.11955598932607
2015-05-07,53.44629490444927,-29.57490548244514,134.34632724778152
2015-05-08,61.62208476375142,-21.412796886840766,146.70101159578869
2015-05-09,109.54842058344474,28.77913485244186,192.53670964175782
2015-05-10,60.75129841013857,-26.952558702644385,145.83188310898012
2015-05-11,29.346722799102672,-60.88214534042344,114.98574950220677
2015-05-12,23.98838291613354,-57.739452074530774,105.60155051932632
2015-05-13,45.64719185067301,-35.50814022354053,125.10355013774634
2015-05-14,28.152152737424935,-52.62367605784796,113.63467735091157
2015-05-15,38.63447557053531,-44.20292790917013,119.95962790234246
2015-05-16,89.40572458217825,9.602382005758948,175.66302858828766
2015-05-17,43.9393981021591,-38.72938462753487,128.10289097513314
2015-05-18,16.28868008413037,-66.22835647539063,98.13241043171337
2015-05-19,15.035445906993267,-75.3046797424887,99.70076470544522
2015-05-20,41.07133044096417,-36.02706584241664,128.4470094752544
2015-05-21,28.140288169906924,-57.94053586264689,106.69088598858673
2015-05-22,43.28453152334172,-38.63614060318643,130.4057048661718
2015-05-23,98.72458651948756,19.783915547785334,181.75766088976872
2015-05-24,57.842824722979586,-26.32040628653603,138.05756157447934
2015-05-25,34.60316666498227,-47.390294304136894,120.84535166998907
2015-05-26,37.50199516855887,-54.11749989670914,123.86486751085486
2015-05-27,67.35104332837682,-19.692294778099562,153.21909561306146
2015-05-28,57.82164562697808,-29.493546637155866,137.54916514974758
2015-05-29,75.89219995303377,-2.322550492326913,159.60042557391304
2015-05-30,133.72954506530934,50.37208735097038,212.0194981354096
2015-05-31,94.67358262215379,17.523989841515526,182.82502323956473
2015-06-01,72.70356486325348,-9.106849665230344,155.3042682467809
2015-06-02,76.25231568969183,-10.64027789355975,162.06219155639255
2015-06-03,106.12664222379028,22.77808997703346,196.90590138367048
2015-06-04,96.0058156407593,14.05419232487962,182.87092158951907
2015-06-05,112.88872282736843,31.45370633361038,197.79130414296918
2015-06-06,168.97465143857988,85.79827312625814,255.20279399624997
2015-06-07,127.64705261684628,49.40869182281543,211.12258244647612
2015-06-08,102.89297348861592,16.12525896292354,189.9094785928087
2015-06-09,103.25320665736012,24.395240815212293,182.7035788186626
2015-06-10,129.603941814322,50.245610282848354,215.0702282143683
2015-06-11,115.69933944474856,25.69648859671001,191.61201359456473
2015-06-12,128.61691625549673,44.033697646686576,209.6167160832577
2015-06-13,180.63649808611143,99.62233410909376,261.13555925596296
2015-06-14,135.22212875382132,49.90998788434857,215.99784749153574
2015-06-15,106.43967148792169,26.59949613529111,191.83374218539305
2015-06-16,102.90519395831593,24.16750832201916,187.9312155287578
2015-06-17,125.56496398226889,40.53651893763087,210.36746391000173
2015-06-18,108.23651497957201,17.801087990583248,195.79401665150007
2015-06-19,118.05270606456597,36.29500631676237,202.61199200950773
2015-06-20,167.33956309444642,85.05956309704275,251.57366281829775
2015-06-21,119.59731422604989,29.69018670764071,201.3699258741733
2015-06-22,88.91737566383257,4.135212012754915,171.334571088114
2015-06-23,83.93039109726227,0.9900223790804066,161.10173814146052
2015-06-24,105.58615757239713,24.130853428110512,187.21538147246724
2015-06-25,87.69489557374345,5.661964998294372,171.85203043921075
2015-06-26,97.37178000907706,12.719754602379934,180.28880194183432
2015-06-27,146.9155035520768,60.39356077953902,231.65515602373537
2015-06-28,99.7902647630224,20.931039015823874,188.58687878044853
2015-06-29,70.04390982769456,-13.17087815703855,156.4902829997677
2015-06-30,66.25729957920848,-16.045455408826776,152.18899201449173
2015-07-01,89.33366830492179,9.445690421635387,175.65035014876793
2015-07-02,73.01754410630294,-9.2028757661922,154.35260342939117
2015-07-03,84.3648036870704,3.49532499859,167.1714171475994
2015-07-04,135.61489291583268,53.08618525620137,218.2779489942605
2015-07-05,90.17441186160109,9.28678357809419,174.71571532083138
2015-07-06,62.03678196794098,-23.060555976250203,142.82594422790663
2015-07-07,59.73302779851827,-23.310835110357186,141.8367016015414
2015-07-08,84.11443406567945,4.152445241751972,165.5841925767769
2015-07-09,68.89646460016957,-17.63533750105056,153.3017578088077
2015-07-10,81.10579159682176,-8.19781706620746,166.4799472494584
2015-07-11,132.96114276081326,46.093423112734904,213.18775805042745
2015-07-12,87.85730112375283,9.331221893192927,173.7619215661381
2015-07-13,59.784936375467986,-22.9724340084621,140.52315558682793
2015-07-14,57.281298311276686,-29.379080973535736,139.6723555019544
2015-07-15,81.21253804896755,-3.361672389555272,163.55367183694338
2015-07-16,65.31705521869081,-12.084762038989705,153.53869446197032
2015-07-17,76.65173728141563,-7.470203493234493,159.3987294303272
2015-07-18,127.47182218532002,44.96799334937528,214.75544186256514
2015-07-19,81.21374781864724,2.3254040198947137,165.2599078845847
2015-07-20,51.91370011537493,-35.83080508642185,132.00735040455947
2015-07-21,48.15692681971714,-36.311818962207866,132.56433473177665
2015-07-22,70.85862138509997,-15.116789415757706,149.0759364584171
2015-07-23,53.80581537136372,-26.547759682347536,136.46747744791483
2015-07-24,64.10218590972406,-19.90557892976273,148.29269296083828
2015-07-25,114.0465490057891,30.24286628278363,200.66195152623635
2015-07-26,67.11443977685803,-18.505980280765197,152.5544589179545
2015-07-27,37.37552616701036,-43.92272144667805,124.97360506503323
2015-07-28,33.44195395439034,-48.30368722083137,118.65785101201853
2015-07-29,56.24845360935855,-20.309268673075692,144.5436826655486
2015-07-30,39.59473362037052,-42.21369665641924,122.8709579812097
2015-07-31,50.58675367211783,-33.71088012947149,136.89997768248335
2015-08-01,101.51831256092737,17.18382732204893,189.2864146702342
2015-08-02,55.8516979557023,-33.51167317987067,136.78152170360397
2015-08-03,27.635467609462744,-62.717149193574464,110.60798251987417
2015-08-04,25.453382987531263,-53.31793425614897,108.06509758242359
2015-08-05,50.20530848008683,-28.185988936610546,133.81768575865703
2015-08-06,35.649512218858504,-54.5403603619325,116.54342459158083
2015-08-07,48.84826177264191,-31.67706495003376,134.8315269840099
2015-08-08,102.04746166068776,16.13529277725473,189.86668165142174
2015-08-09,58.65970009111158,-19.733631734425828,144.80351175999473
2015-08-10,32.68340889612125,-49.417882435927105,119.46965233001669
2015-08-11,32.653184213799705,-50.96302393635495,116.05407115866798
2015-08-12,59.42204195778054,-24.548996135747668,145.23655932008336
2015-08-13,46.70500590887973,-42.052752571848245,128.18103877787613
2015-08-14,61.52588554639998,-22.59838535167865,146.87455837280132
2015-08-15,116.09795742007447,33.81621991439962,200.6921276924117
2015-08-16,73.80788829686848,-9.921927645261968,154.67724452469798
2015-08-17,48.63557964400511,-31.019389510603265,134.2798770264811
2015-08-18,49.10496205188482,-32.46122399187848,133.21993464430173
2015-08-19,76.06650066869834,-3.129693409204593,160.9793841202488
2015-08-20,63.24080287097404,-16.458337036378765,144.14369134555898
2015-08-21,77.66518520188359,-2.638435818224603,159.2876275702122
2015-08-22,131.57391984348894,45.16322953490452,217.51087068263456
2015-08-23,88.3815116683492,8.737150716802564,173.588688555407
2015-08-24,62.10170425112916,-15.207524004061272,143.03719009137436
2015-08-25,61.29726772808422,-29.3879817078229,146.23466772217324
2015-08-26,86.86135865064094,5.025521731929456,176.8178287606771
2015-08-27,72.55987609830257,-14.480307146187998,165.18684108747476
2015-08-28,85.47670716293251,-2.998966963633698,161.98488650690257
2015-08-29,137.89337440285095,57.34604094173404,217.32789156577928
2015-08-30,93.26870416185857,8.966828836464886,176.17271727909815
2015-08-31,65.65879537154304,-13.378224831970572,152.43053876609966
2015-09-01,63.664836944896706,-12.572495604002896,141.01764183019458
2015-09-02,88.2133703365113,1.0633767226517032,174.99832681376307
2015-09-03,73.09769918606955,-4.461372816933684,158.5011731153402
2015-09-04,85.4223667712087,-3.808344987915405,170.19182578361426
2015-09-05,137.48148216514429,56.498288669294624,223.15733358882258
2015-09-06,92.74030198827268,10.893218049787363,175.60920999055415
2015-09-07,65.2528155629717,-26.457423911393093,146.44447354495134
2015-09-08,63.610427965014736,-21.62045685165723,148.3933079337146
2015-09-09,88.7225636622604,3.9929109710323574,173.14641696654334
2015-09-10,74.35863754865844,-17.636390983993532,160.45660851753462
2015-09-11,87.59329832857644,7.311461684473806,173.59904476311706
2015-09-12,140.68570338128092,56.85399984129037,225.778971070455
2015-09-13,97.06220481158783,7.908470835355105,180.09401884043982
2015-09-14,70.7351626539551,-9.592685368950095,160.24946626255215
2015-09-15,70.2529440956263,-16.504775896451203,157.17064158853714
2015-09-16,96.48189299507445,13.524278144714657,174.55631398296507
2015-09-17,83.14967637833759,-6.049062587945588,164.10466891272318
2015-09-18,97.2918721691878,12.030329761757715,186.72159520390207
2015-09-19,151.1325171628151,69.18289639398722,231.28634040297118
2015-09-20,108.06795656087515,24.03702199221942,189.99088679218556
2015-09-21,82.08667548559063,0.6801856299840361,163.5569217118498
2015-09-22,81.7201396599412,0.611891463711963,160.06464593762294
2015-09-23,107.82540266316147,20.94419384897464,189.3704580999367
2015-09-24,94.12886519179658,11.643006980706646,183.4954249982346
2015-09-25,107.67303559435535,20.669606020825196,195.68622854631263
2015-09-26,160.6970024640612,75.32896496438336,241.0865142867932
2015-09-27,116.61995942854166,33.01732056866342,199.7491848398879
2015-09-28,89.4669426725803,4.984483996160752,167.45381314090187
2015-09-29,87.7994507329142,7.1038896176478,171.9651509730712
2015-09-30,112.51646516926911,30.934090120148763,200.77142422219563
2015-10-01,97.39054225214586,12.691840885719257,182.73161125063945
2015-10-02,109.51322734833865,30.234941153937417,191.67956823318275
2015-10-03,161.17406515653192,83.13727647771283,245.87207029468257
2015-10-04,115.84258627369744,27.971457863494482,195.5229510474802
2015-10-05,87.5859995713045,5.06224018630753,171.02650251185415
2015-10-06,85.01767527189045,3.48865495969495,170.5253235819281
2015-10-07,109.07724095657267,26.92794290922714,196.99039851411246
2015-10-08,93.57174614464567,10.954709452244632,173.275697693785
2015-10-09,105.61981842273477,28.544307554650953,186.87764696417992
2015-10-10,157.52959708500865,72.1368234432553,238.45651095883943
2015-10-11,112.77985901337215,31.39491174984343,196.98582916662895
2015-10-12,85.43709509693798,0.2765910329812732,170.26907456456138
2015-10-13,84.10364461334413,6.0714931371825145,167.79247503130068
2015-10-14,109.69772534897994,19.501834809427972,196.65374576410997
2015-10-15,95.99482313826235,15.532963813169268,182.2482536245007
2015-10-16,110.07236401261557,31.655571198365756,190.85155402273313
2015-10-17,164.1884472019111,78.06028553144014,248.51448509846065
2015-10-18,121.76403815680804,43.88273198610759,207.03273651055108
2015-10-19,96.8013568161255,9.343424491170001,183.66744198619264
2015-10-20,97.83353846125141,16.145480488492815,187.41148646884685
2015-10-21,125.70636856699164,40.57278248578691,208.14449100036228
2015-10-22,114.12151355535315,30.2479622117187,192.34734039266957
2015-10-23,130.0831245146747,44.62276063294788,209.61721839179364
2015-10-24,185.77854279897258,103.39603238128738,273.1983387811848
2015-10-25,144.56245542497052,62.99913435215916,229.07840139516145
2015-10-26,120.37718363943297,36.45282429353462,203.37061865630892
2015-10-27,121.70413090426985,32.37073236796857,200.76353874024508
2015-10-28,149.34718050250123,64.92860472704889,233.74661175718745
2015-10-29,136.97723021643088,48.34715573882797,220.9062712053414
2015-10-30,151.58007801230178,63.28195057901693,233.2992523713014
2015-10-31,205.337974721917,124.85195810667203,292.54653931668986
2015-11-01,161.61435215157357,75.03567956567498,241.260839251028
2015-11-02,134.3743514034814,51.71480261537098,218.23714269112494
2015-11-03,132.13616504911727,47.14770854090773,215.4902116025206
2015-11-04,155.75394159191382,77.53007959740617,232.19529505570762
2015-11-05,138.96163339681755,57.096436278942456,223.48214227383963
2015-11-06,148.81963786381613,66.81479677802,235.29534270916042
2015-11-07,197.59494780111908,114.32680293286305,279.10829402178155
2015-11-08,148.74416078239256,63.13694673653151,234.2812179851841
2015-11-09,116.3320476988816,34.10131748606802,192.84730653782748
2015-11-10,108.98073830055344,24.42836788378327,197.44924728376864
2015-11-11,127.65032179427868,34.28455763065899,207.63967342211438
2015-11-12,106.18029757260703,22.548497150963293,191.34084244080802
2015-11-13,111.73378271545275,24.019527744631752,194.20502242582694
2015-11-14,156.67525064415636,75.9143211704949,239.92991880533936
2015-11-15,104.55120926887403,17.231891479883956,186.8010202634714
2015-11-16,69.50657605529491,-14.256881631330147,155.12314448770167
2015-11-17,60.23186226500214,-20.79113982921885,145.3779126733688
2015-11-18,77.74201476440606,-14.304186059597948,157.19002651468475
2015-11-19,55.91639539790704,-31.201389346594294,140.801386795973
2015-11-20,61.94184294102261,-23.82180028946192,139.40224737365173
2015-11-21,108.18962285519619,32.613976123996025,192.419672581293
2015-11-22,58.19569568457907,-31.07793252054697,142.95456723115362
2015-11-23,26.077075082159908,-53.20983496451045,110.84981909777106
2015-11-24,20.479391964873173,-63.86977075898852,102.94214383021057
2015-11-25,42.3565079579699,-42.49275485061338,128.3339726740347
2015-11-26,25.51164350456905,-55.593333193021245,108.04958467557287
2015-11-27,37.042133116380896,-45.74841281472529,126.22937133430798
2015-11-28,89.21762491614422,4.931594569814412,171.64298942975972
2015-11-29,45.46302691065261,-36.814879350009015,134.95374024925917
2015-11-30,19.777012427952954,-64.09390691983056,102.08185676307116
2015-12-01,20.682104374991397,-58.15016379536899,108.83287586725366
2015-12-02,49.00693314338204,-33.76197680991043,136.74979114623522
2015-12-03,38.430073220144834,-45.19643723435131,128.3341611216405
2015-12-04,55.92731778300042,-28.312434181315812,144.12674250400565
2015-12-05,113.65310198809163,29.688043377453972,199.4425718649254
2015-12-06,74.92540472357184,-8.333177895944747,158.11409602688758
2015-12-07,53.646794586708296,-32.91422383572317,140.83740143863506
2015-12-08,58.256629683693774,-22.128838877994937,145.05346452348385
2015-12-09,89.51514837342901,8.296305081474767,176.09600655784098
2015-12-10,81.04881366700091,-1.1543276428759293,161.75595349132988
2015-12-11,99.79873573550327,13.601463413614825,181.8225994919823
2015-12-12,157.90285673735082,79.07174967898416,237.26607887068496
2015-12-13,118.68121018208241,36.73643895820108,201.56621431708206
2015-12-14,96.05691237567267,10.295050033316395,178.92406974343572
2015-12-15,98.50789684237844,16.719787504672542,185.60308683351613
2015-12-16,126.85013959775785,48.55214508022959,207.48144241363735
2015-12-17,114.78175792075352,30.80947589852311,199.1889176510385
2015-12-18,129.3298356961114,47.86105978860045,210.341287340626
2015-12-19,182.73069614410872,97.93853176255257,261.1189079165266
2015-12-20,138.41297786707145,55.725262980649454,220.03300895780205
2015-12-21,110.4162215276793,22.881244111757024,189.16722120899252
2015-12-22,107.34003270258003,16.22941732283547,187.51703455931082
2015-12-23,130.1246270215624,45.29314807797862,209.48151047337313
2015-12-24,112.59220070232755,33.38061156794774,194.69936310988643
2015-12-25,121.89104082390946,36.752734086193705,206.56223793308337
2015-12-26,170.37315683548542,84.8411254439624,260.1218116550992
2015-12-27,121.61598456086969,33.02719434149459,200.2564285594436
2015-12-28,89.71524212509306,10.348634099425238,170.85778397766023
2015-12-29,83.35542062667528,2.057962867248312,165.74875867542846
2015-12-30,103.54739426060505,18.111078451610734,195.58443633001662
2015-12-31,84.16831464740658,-1.4904041878729135,163.46829280933872
2016-01-01,92.40459795937204,7.669109814650503,175.54985710373342
2016-01-02,140.62880908120678,60.34732044175893,227.3981035216655
2016-01-03,92.37987156990124,12.784696267618223,179.74298748737158
2016-01-04,61.77937139689288,-19.919565157096415,147.99756568417078
2016-01-05,57.47906724057203,-28.83042846775592,146.25059347133967
2016-01-06,80.44044625217137,-2.342770337618416,163.50543288487904
2016-01-07,64.47578618522968,-24.08552769278072,145.11188150488226
2016-01-08,76.69264071260422,-10.182788924998613,165.79406989364998
2016-01-09,129.37251667835392,40.98972405593902,213.45735735802123
2016-01-10,85.95313035974165,-2.5748818775950455,170.18435242871217
2016-01-11,60.44696383219078,-24.08492760773716,144.87613197062558
2016-01-12,61.39118322823552,-23.663809908895413,145.5843644497361
2016-01-13,89.62970393160528,4.284750956962604,167.64299623618106
2016-01-14,78.85680804615399,-1.4973919756157104,165.1423109165324
2016-01-15,96.06417499617756,15.32267022306508,173.28897472174268
2016-01-16,153.4220388772723,76.28743809443039,237.1623509620812
2016-01-17,114.26380653680454,33.58022910602367,190.4112436328417
2016-01-18,92.50680757717463,4.390961415616804,176.85785321053888
2016-01-19,96.60419240966503,6.64234337518748,180.63669488110347
2016-01-20,127.32872293137314,46.944006184005,216.0311868258941
2016-01-21,118.31782669420278,29.125649960080644,197.86261620650353
2016-01-22,136.52174763304782,54.23324157420862,222.5167081459823
2016-01-23,194.0854863563659,113.54920902948346,279.9551890371428
2016-01-24,154.3338508968984,77.10136084130129,241.10811778614055
2016-01-25,131.19228372535508,41.54918927561447,212.05259659992535
2016-01-26,133.21422595187684,50.52877104501026,218.05195245182063
2016-01-27,161.13706069539643,76.58442944284441,243.82381503815213
2016-01-28,148.6534483888542,66.75940849975974,235.14779377613823
2016-01-29,162.78248598184751,72.64851462257296,255.15375165968584
2016-01-30,215.75012533146582,133.5787941682798,295.58330380700147
2016-01-31,170.9724644173599,83.99278640985855,259.32282262153586
2016-02-01,142.47461692698243,65.80388799031057,232.5669082449721
2016-02-02,138.84022200671052,55.64590363802116,226.47413295576683
2016-02-03,160.99239456370213,74.22319232503821,244.95645522558874
2016-02-04,142.73555161647346,59.47015196494379,227.14080341551224
2016-02-05,151.20001968394328,70.08834688211282,236.70122612641129
2016-02-06,198.72019380145792,113.91357508241829,277.88173796102836
2016-02-07,148.81565057441262,60.87950124730727,235.23415731346594
2016-02-08,115.60796474364942,28.05601735950654,200.71296872838047
2016-02-09,107.76833172030395,23.68274465706182,188.16816774864688
2016-02-10,126.29683312122691,38.01953111440809,211.99932369173803
2016-02-11,105.06281272056334,16.310753605713845,185.05464957476227
2016-02-12,111.24829443465035,27.251250528552116,191.83831724076182
2016-02-13,157.2252338103461,78.6739008036366,240.31342253763484
2016-02-14,106.5360202375331,21.334410109549104,188.84182805799782
2016-02-15,73.30998790335899,-14.92898371659445,158.41829451808195
2016-02-16,66.21104016275423,-7.776240655207299,148.66248151872017
2016-02-17,86.21722031123085,3.1935510271058996,173.69095943896042
2016-02-18,67.16168606080383,-9.418755602545945,149.112637789123
2016-02-19,76.17700346145858,-14.877914627399088,159.136249790437
2016-02-20,125.57353052313837,39.73095315949117,209.81783735040528
2016-02-21,78.8212817198542,-4.825270562048314,158.98892448228102
2016-02-22,49.96800112643129,-35.10653891127951,134.08732906565083
2016-02-23,47.588515049373925,-37.205054958767136,131.21209691622067
2016-02-24,72.56616049538988,-7.180777535291418,162.28458392134775
2016-02-25,58.63570808378837,-25.005270781990074,142.13365617126183
2016-02-26,72.82965518970417,-10.06016693990555,153.8275966990244
2016-02-27,127.35861915544682,46.55728519097991,210.31833420363688
2016-02-28,85.59518167398346,0.09080822888828337,174.16804633972214
2016-02-29,61.49387312744689,-21.100557382002926,145.55457018308252
2016-03-01,63.542330624288944,-19.220328675896106,151.48867565609544
2016-03-02,92.54439150498416,4.949472331302493,174.76662276926137
2016-03-03,82.16450951946277,-5.182439646187396,168.55663718901914
2016-03-04,99.37534179235854,15.846640161974657,177.18717795661027
2016-03-05,156.33921295953309,71.41857682117895,240.88784691182843
2016-03-06,116.39278873096296,29.47751098510759,192.70225131282257
2016-03-07,93.46763373055354,11.631894021418985,176.95815292345935
2016-03-08,96.04167854066914,9.425396405918365,175.69177297276153
2016-03-09,124.92235413860499,35.51188214388129,212.02326655479413
2016-03-10,113.79078258467304,33.53602323703106,202.9627813769459
2016-03-11,129.6488788959754,40.83904679384982,221.1647243669454
2016-03-12,184.70008228738126,99.79257532441316,266.02480156576496
2016-03-13,142.33306554174814,58.89137363523608,223.58528542415328
2016-03-14,116.54111823606621,32.36659568546297,200.41125358785726
2016-03-15,115.87225355568272,28.477465142739078,205.85435527559147
2016-03-16,141.21082513327107,65.51623239607133,223.93021677927302
2016-03-17,126.32007389978295,43.105809092545364,211.99293075955518
2016-03-18,138.28749329448434,56.74714882151777,218.63199385700898
2016-03-19,189.403766059873,115.13077628880265,268.9894526211268
2016-03-20,143.1446574016599,57.793041664618634,225.43543391503783
2016-03-21,113.588596530078,28.726565504828272,195.76054739987947
2016-03-22,109.3650322099279,26.73772196054558,191.00158154091454
2016-03-23,131.4343835439836,44.401673862103735,211.72750110084374
2016-03-24,113.62903903504838,33.26477807663259,199.17306107150858
2016-03-25,123.09732293530303,38.28799774924657,216.5187749994676
2016-03-26,172.1812098155716,90.67256610992054,252.82067915937486
2016-03-27,124.3971963380906,33.32128143249942,208.54579204776593
2016-03-28,93.85308248585079,8.568200376358387,177.45674190106362
2016-03-29,89.1957637442774,2.4042707932185556,170.8741907200634
2016-03-30,111.39086664711154,29.98801114671526,191.3562710700438
2016-03-31,94.26368699823603,5.981189498668803,176.97200390000637
2016-04-01,104.94335098999605,19.904943984706584,191.68575456189242
2016-04-02,155.74097625647832,69.88350404451785,244.2985390577354
2016-04-03,110.1312328994492,25.14292419710901,194.96647413884605
2016-04-04,82.17004289011814,2.395386036984346,164.600712863779
2016-04-05,80.44350082728505,-2.723745642995885,167.4118041562166
2016-04-06,105.848825631043,18.74132426318571,188.4360809491495
2016-04-07,92.13677574148241,4.670742665331655,180.89241283006135
2016-04-08,106.35741791440516,17.856417624105035,187.7692265477979
2016-04-09,160.7399936990606,80.36912375143434,250.16881587220507
2016-04-10,118.67624851112133,36.40758484057745,203.9483700185346
2016-04-11,94.13992508749394,5.0305062356225845,176.4591578049277
2016-04-12,95.63746694012451,8.930752568349963,184.58723976105338
2016-04-13,123.9907040152765,38.52930919233476,207.27492468592027
2016-04-14,112.88091653044616,33.61830643828918,203.3408301183881
2016-04-15,129.29613199699583,43.11094399504636,209.2738942315138
2016-04-16,185.4123667071398,101.73366569129537,273.479613689958
2016-04-17,144.57814674779152,66.31712895050472,232.71832035282063
2016-04-18,120.73498410663382,24.085713717499306,208.23155348335138
2016-04-19,122.36883146689847,37.25135808729131,208.62793905819126
2016-04-20,150.29327059264452,62.83343162073492,236.59006964657547
2016-04-21,138.19381809791346,52.67537224149374,221.67138870662944
2016-04-22,153.0751968738518,67.24806797711733,235.03819944496246
2016-04-23,207.14228335882999,126.28762472450184,291.8632829418602
2016-04-24,163.7840703540074,81.90746086120272,249.16081301255596
2016-04-25,136.99333127904762,55.8959188088384,222.36787438636023
2016-04-26,135.31702532983772,52.84444842387836,217.54356304743288
2016-04-27,159.63821955953568,71.4868558846749,240.6293758968859
2016-04-28,143.71893764687954,61.85952042826748,229.5896066243851
2016-04-29,154.64581394550368,72.0881374806402,239.5828453988216
2016-04-30,204.70929704232887,122.67556724928042,298.4976095174491
2016-05-01,157.38577960690318,72.55654166931015,238.951739565688
2016-05-02,126.7553797434503,40.952366496774815,210.02497518313947
2016-05-03,121.45045404054089,36.799887800173835,203.423132952862
2016-05-04,142.43565958632752,63.07549436753927,226.42643671045153
2016-05-05,123.54901558210146,41.23978606938357,204.39279936110628
2016-05-06,131.94588271639543,47.37943371077049,210.6422821200559
2016-05-07,179.97664191027866,100.31112347683656,261.4874983412647
2016-05-08,131.167483548236,41.95825581435989,215.84723001478633
2016-05-09,99.63706290052667,17.939481444444418,181.3912379349458
2016-05-10,94.04412785457781,7.279390583200594,178.23510017643537
2016-05-11,115.36695696154133,36.094107240052146,200.29542199104432
2016-05-12,97.44407345763048,18.247611643494935,181.16913752264878
2016-05-13,107.41816235705824,24.605849196639312,192.72118160753558
2016-05-14,157.6139748071776,70.47372897759007,240.4293086808627
2016-05-15,111.51962693979905,32.422693002433796,196.731287328203
2016-05-16,83.20403861738066,0.42083409490055723,164.2717247262663
2016-05-17,81.26560164333759,-5.3672657458794495,165.1166413828204
2016-05-18,106.61289298808208,33.59640404298734,192.07942354878355
2016-05-19,93.0068708020453,12.747302528273105,171.71312000584737
2016-05-20,107.50644759333515,22.499228342752,188.50154657286222
2016-05-21,162.34818794220936,74.11377227958732,246.74250191763878
2016-05-22,120.92949788386676,39.0240219950901,214.617660046259
2016-05-23,97.22800889821966,10.004230809126895,182.44955063939375
2016-05-24,99.75220221693951,11.711749306462247,191.1765685447159
2016-05-25,129.3240447746506,40.591368088357854,213.78136020501142
2016-05-26,119.62303100252632,35.18528619496504,205.633730367903
2016-05-27,137.6334829599257,57.01070046938945,218.57689713936563
2016-05-28,195.52581696516023,119.0545167024983,284.0466894904034
2016-05-29,156.6411082646643,72.19119930486364,243.4482482015041
2016-05-30,134.91162554882047,53.87466913990956,219.89972800565263
2016-05-31,138.81235512282728,58.296570531123415,221.8993148177919
2016-06-01,169.1442660048774,86.91296679381917,246.23209656519762
2016-06-02,159.5786964498588,75.20920061204527,239.46084336220304
2016-06-03,177.10470738398018,99.4732623790144,262.2047261248495
2016-06-04,233.91011077651967,149.77407480956978,315.0126807791474
2016-06-05,193.3655112497924,108.27636827471963,279.00791135250415
2016-06-06,169.44404623745365,87.02692690330589,257.69957003166695
2016-06-07,170.6718644274742,91.77301734302091,252.4468787068608
2016-06-08,197.91011964453628,110.88057508040681,273.69674518991206
2016-06-09,184.89789188031665,97.72100765819557,264.50801825354165
2016-06-10,198.69791673985054,119.36715360227718,288.3120656978882
2016-06-11,251.5758708220982,167.26096939100594,338.21249307138913
2016-06-12,206.9825935567177,131.8847574213423,295.389683144384
2016-06-13,178.9719747410967,95.91808728624495,267.26321888085687
2016-06-14,176.14959206363585,96.18207365739819,255.85207728154975
2016-06-15,199.45291985023803,115.0664079288168,281.1843169266855
2016-06-16,182.6925632549848,95.40761920210903,269.1500394325674
2016-06-17,192.99643907203216,106.59715008056087,278.89077232971334
2016-06-18,242.68768698881416,157.9663391853641,332.3348558763405
2016-06-19,195.26572361421017,115.38146684754867,280.3736525189154
2016-06-20,164.82319505264778,86.76561010022118,245.55147044676613
2016-06-21,159.99393290886016,77.77069312317133,249.5485000072955
2016-06-22,181.7327491171119,98.89786713650342,260.6716160927953
2016-06-23,163.856531208206,77.50429279839916,246.00428123505165
2016-06-24,173.48855963280235,90.34674069764084,257.9944253955285
2016-06-25,222.9368244801484,136.91358028210107,307.06015218505115
2016-06-26,175.67574069490146,88.33555504098787,260.313338569593
2016-06-27,145.76399795196738,67.89237856887627,237.43270236250785
2016-06-28,141.79362459845484,57.3102869812744,223.8832454373656
2016-06-29,164.6710703964846,80.74946742578723,252.16368584423333
2016-06-30,148.15973463629143,59.79945150234784,230.20859589334458
2016-07-01,159.32582273488825,83.0185551725691,239.63002431632177
2016-07-02,210.41826769889795,126.15950992077474,288.76961699311096
2016-07-03,164.8520732129651,78.59904810302369,243.47675263248246
2016-07-04,136.62777188951077,54.07244339922811,219.37672587373854
2016-07-05,134.28203629731198,52.44746733537956,216.05226276100504
2016-07-06,158.67020762561205,73.30015055558036,245.27412902615856
2016-07-07,143.51013163036052,57.15091265243984,226.10280456624116
2016-07-08,155.82915196153837,73.61598190078874,235.6487952177022
2016-07-09,207.84496898759974,119.61164838508954,294.9831603016908
2016-07-10,162.94969810499276,76.2784459894713,248.54948574426444
2016-07-11,135.12980434384988,54.7991087538471,212.54684159317952
2016-07-12,132.9169406474347,51.628268991260875,217.89287605789107
2016-07-13,157.170451151499,68.65115934731894,245.50022910358922
2016-07-14,141.6209323688615,50.46123501120112,219.31589293874185
2016-07-15,153.31671229506054,71.65150158859366,235.78121908941733
2016-07-16,204.50397184790364,124.79831614381057,293.495190864565
2016-07-17,158.6098648234918,73.76979986744061,241.21913948716372
2016-07-18,129.66134066729765,45.76634451821318,215.8785967077274
2016-07-19,126.23472944556846,44.650233867628046,208.76199282047043
2016-07-20,149.23688599392068,64.35472520578796,231.04932151712015
2016-07-21,132.44732446106497,55.85927373534403,214.37525432677177
2016-07-22,142.9632431924988,57.62839654921065,222.66213343859462
2016-07-23,193.07820482109707,113.72111355128234,274.98700389911653
2016-07-24,146.26386762306305,64.35965479305787,225.2235038028346
2016-07-25,116.58751065523077,25.1549727819542,200.5018626752107
2016-07-26,112.66044757481052,32.043854961864234,198.32214165443523
2016-07-27,135.41815797863563,59.55495747164618,215.80531353694562
2016-07-28,118.66159481788276,39.201626055451584,203.9493074839555
2016-07-29,129.501589915736,42.15884238144218,212.67176207270856
2016-07-30,180.2371386919056,92.641010848471,266.8468458845813
2016-07-31,134.33697011728856,51.94540572946756,216.7307971648257
2016-08-01,105.85714784148432,20.206446913872053,192.52840649305628
2016-08-02,103.38979421868119,21.214636354796458,188.9354164610251
2016-08-03,127.84375638671767,44.85344753149695,213.14251928904537
2016-08-04,112.986657049558,34.29066964773222,195.312221004561
2016-08-05,125.89023032744669,42.714743723881845,204.80657481747656
2016-08-06,178.80969695719594,88.71291299280531,264.1716558680184
2016-08-07,135.16655365149555,55.240431213757965,219.11900194770237
2016-08-08,108.96748782767301,23.477179726115075,202.05060342735612
2016-08-09,108.75447215177272,22.801421515435635,195.71780155550158
2016-08-10,135.386819270535,50.5995817437591,215.23454766709992
2016-08-11,122.58460018443336,31.128859231556838,206.83076187780247
2016-08-12,137.3752881064357,57.422039174087,221.72598984279455
2016-08-13,191.9743453230317,115.2900803426573,274.1591838088614
2016-08-14,149.76909388682233,64.94472995664361,230.0669371377298
2016-08-15,124.73855110299573,38.404508324153724,206.81946582832637
2016-08-16,125.40425858669784,40.79706300799746,205.3298942770154
2016-08-17,152.61286489377105,65.72409755170345,230.69937448613928
2016-08-18,140.0798506774816,57.73303650803825,230.79490603757193
2016-08-19,154.83624998466155,68.86477095410666,240.82320351974943
2016-08-20,209.1090834914702,126.29950167127254,299.18085425744835
2016-08-21,166.30484933927352,79.45564100328282,253.5187952338101
2016-08-22,140.42876378770657,53.02558633344861,215.47260238544533
2016-08-23,140.03479782078617,51.40050129014533,225.26924031303167
2016-08-24,166.00729268591334,79.2116191466836,252.77916855387127
2016-08-25,152.10357126552495,68.06679084315873,241.1606457897823
2016-08-26,165.39943102991762,75.90526801876736,244.27482720420085
2016-08-27,218.16826978160844,135.3036692854955,303.9624142506589
2016-08-28,173.86322754498394,90.36824920567919,252.09277514887424
2016-08-29,146.5350757201497,56.54194589865378,234.74236122000312
2016-08-30,144.78093865080962,60.081839459266426,229.66492915660302
